topic_id,title,angle,content_pillar,audience_pain,channel_priority,status,created_at,strategy_cycle_id
proposed-2026-08-31-01,How to Simplify Your Internal Dialogue,Techniques for reducing mental clutter,Simplification & Reduction,Overwhelmed by complex thoughts,All,proposed,2026-08-31,CL-2026-08-cycle-31
proposed-2026-08-31-02,Starting Points for Emotional Clarity,Identifying the first steps in emotional understanding,Actionable Self-Discovery,Confusion about where to begin self-discovery,Instagram,proposed,2026-08-31,CL-2026-08-cycle-31
proposed-2026-08-31-03,The Power of Decluttering Your Mind,Benefits of mental decluttering,Simplification & Reduction,Feeling mentally cluttered,Wix,proposed,2026-08-31,CL-2026-08-cycle-31
proposed-2026-08-31-04,Practical Steps to Emotional Clarity,Implementing daily practices for emotional understanding,Emotional Clarity,Lack of emotional insight,All,proposed,2026-08-31,CL-2026-08-cycle-31
proposed-2026-08-31-05,Why Less is More in Self-Understanding,The advantages of simplifying self-reflection,Simplification & Reduction,Overcomplicating self-reflection,Threads,proposed,2026-08-31,CL-2026-08-cycle-31
proposed-2026-08-31-06,Finding Clarity in Emotional Chaos,Navigating through emotional turmoil to find clarity,Emotional Clarity,Emotional overwhelm,Instagram,proposed,2026-08-31,CL-2026-08-cycle-31
proposed-2026-08-31-07,How to Reduce Overthinking,Techniques to minimize overthinking,Simplification & Reduction,Struggling with overthinking,Wix,proposed,2026-08-31,CL-2026-08-cycle-31
proposed-2026-08-31-08,Identifying Your Emotional Triggers,Understanding and managing emotional responses,Actionable Self-Discovery,Uncontrolled emotional reactions,All,proposed,2026-08-31,CL-2026-08-cycle-31
proposed-2026-08-31-09,Creating Space for Mental Clarity,How to cultivate a mind conducive to clarity,Simplification & Reduction,Lack of mental space for clarity,Threads,proposed,2026-08-31,CL-2026-08-cycle-31
proposed-2026-08-31-10,The Role of Simplification in Self-Growth,Why simplifying is crucial for personal development,Simplification & Reduction,Complexity hindering growth,Wix,proposed,2026-08-31,CL-2026-08-cycle-31
proposed-2026-08-31-11,How to Start Your Journey to Clarity,Guidance on taking the first steps,Actionable Self-Discovery,Uncertainty about how to begin,Instagram,proposed,2026-08-31,CL-2026-08-cycle-31
proposed-2026-08-31-12,The Art of Letting Go for Mental Freedom,Practices for releasing mental burdens,Simplification & Reduction,Holding onto unnecessary thoughts,All,proposed,2026-08-31,CL-2026-08-cycle-31
proposed-2026-08-31-13,How to Navigate Emotional Complexity,Strategies for understanding complex emotions,Emotional Clarity,Difficulty in understanding emotions,Threads,proposed,2026-08-31,CL-2026-08-cycle-31
proposed-2026-08-31-14,The Benefits of a Simplified Mindset,How a simplified approach can enhance life quality,Simplification & Reduction,Complex mindset causing stress,Wix,proposed,2026-08-31,CL-2026-08-cycle-31
proposed-2026-08-31-15,Tools for Achieving Emotional Clarity,Resources and techniques for emotional insight,Emotional Clarity,Lack of tools for emotional understanding,All,proposed,2026-08-31,CL-2026-08-cycle-31
proposed-2026-08-31-16,Breaking Down Emotional Barriers,How to dismantle obstacles to emotional clarity,Actionable Self-Discovery,Emotional barriers hindering clarity,Instagram,proposed,2026-08-31,CL-2026-08-cycle-31
proposed-2026-08-31-17,The Simplification Process: A Guide,Step-by-step approach to mental simplification,Simplification & Reduction,Lack of process for simplification,All,proposed,2026-08-31,CL-2026-08-cycle-31
proposed-2026-08-31-18,Understanding Your Emotional Blueprint,Discovering the patterns in your emotional responses,Actionable Self-Discovery,Unclear emotional patterns,Threads,proposed,2026-08-31,CL-2026-08-cycle-31
proposed-2026-08-31-19,The Connection Between Simplification and Clarity,Exploring how simplification leads to clearer thinking,Simplification & Reduction,Complexity clouding clarity,Wix,proposed,2026-08-31,CL-2026-08-cycle-31
proposed-2026-08-31-20,How to Cultivate Emotional Awareness,Developing a keen sense of emotional insight,Emotional Clarity,Lack of emotional awareness,All,proposed,2026-08-31,CL-2026-08-cycle-31
proposed-2026-08-31-21,The Journey from Complexity to Simplicity,Transforming complex thoughts into simple insights,Simplification & Reduction,Complex thoughts overwhelming the mind,Instagram,proposed,2026-08-31,CL-2026-08-cycle-31
proposed-2026-08-31-22,How to Identify and Reduce Mental Clutter,Techniques for recognizing and minimizing mental noise,Simplification & Reduction,Mental clutter obstructing clarity,Wix,proposed,2026-08-31,CL-2026-08-cycle-31
proposed-2026-08-31-23,Emotional Mapping: A Tool for Clarity,Using mapping techniques to understand emotions,Emotional Clarity,Difficulty in visualizing emotional states,All,proposed,2026-08-31,CL-2026-08-cycle-31
proposed-2026-08-31-24,Navigating the Path to Self-Understanding,Guidance on the journey of self-discovery,Actionable Self-Discovery,Uncertainty in self-discovery process,Instagram,proposed,2026-08-31,CL-2026-08-cycle-31
proposed-2026-08-31-25,The Impact of Simplification on Emotional Health,How reducing complexity benefits emotional well-being,Simplification & Reduction,Complexity affecting emotional health,Threads,proposed,2026-08-31,CL-2026-08-cycle-31
proposed-2026-08-31-26,How to Achieve Mental Clarity Through Minimalism,Applying minimalist principles to thought processes,Simplification & Reduction,Overwhelmed by excessive thoughts,Wix,proposed,2026-08-31,CL-2026-08-cycle-31
proposed-2026-08-31-27,The Role of Simplicity in Emotional Resilience,Building resilience through simplified emotional practices,Emotional Clarity,Lack of resilience due to emotional complexity,All,proposed,2026-08-31,CL-2026-08-cycle-31
proposed-2026-08-31-28,How to Find Balance in Emotional Complexity,Strategies for balancing complex emotions,Emotional Clarity,Imbalance caused by emotional complexity,Instagram,proposed,2026-08-31,CL-2026-08-cycle-31
proposed-2026-08-31-29,The Link Between Simplification and Emotional Freedom,How reducing mental clutter leads to emotional liberation,Simplification & Reduction,Mental clutter restricting emotional freedom,Threads,proposed,2026-08-31,CL-2026-08-cycle-31
proposed-2026-08-31-30,How to Develop a Simplified Emotional Framework,Creating a framework for understanding emotions,Emotional Clarity,Complex emotional frameworks causing confusion,All,proposed,2026-08-31,CL-2026-08-cycle-31
