91,2026-09-11,They've got their own problems,"A person carrying something heavy runs a quiet calculation before every conversation: how much room the other one has left this week, and whether this is worth spending it on. The answer comes back no almost every time. The thing gets carried alone, and the not-asking turns into a second weight on top of the first.",Audience research,No One to Tell,My friends have their own problems. Why would I put mine on top of that?,Ready,High,,,,,,,,,,,,,,,,,,,,,,,,,,,,,,,
92,2026-09-11,The subject nobody at home wants,"One subject lights a person up, and one household has heard enough of it. The subject does not go anywhere when it stops being spoken about. It goes underground and comes back out as irritation over the dishwasher.",Audience research,No One to Tell,My husband finds it boring and there's nobody else. So where does it go?,Ready,High,,,,,,,,,,,,,,,,,,,,,,,,,,,,,,,
93,2026-09-11,The fourth time telling it,"A story that hasn't resolved gets told again. By the fourth telling the listener has started managing their face, and the teller has started noticing them managing it. The story stops being told after that, which is a different thing from the story being finished.",Audience research,No One to Tell,My friends have heard this four times already. I can't do it again.,Ready,High,,,,,,,,,,,,,,,,,,,,,,,,,,,,,,,
94,2026-09-11,An hour that belongs to you,"Asked to talk about themselves, people ration. Ten minutes in they check the other face, apologise for going on, and hand the conversation back. The apology arrives long before anybody was actually bored.",Audience research,No One to Tell,Is it even okay to talk about myself for a whole hour?,Ready,High,,,,,,,,,,,,,,,,,,,,,,,,,,,,,,,
95,2026-09-11,The listener nobody listens to,"In most circles one person has become the one you call. They're good at it, so they get more of it. Their own week goes unreported for years, and nobody notices the silence, because a good listener never leaves a gap where a gap would show.",Audience research,No One to Tell,I'm always the one who listens. Who listens to me?,Ready,High,,,,,,,,,,,,,,,,,,,,,,,,,,,,,,,
96,2026-09-11,"Saying it once, out loud","Certain thoughts get thought for years without ever being made into a sentence. Sentences make things real and locatable, which is exactly why the thought is kept as a feeling instead. Typing it turns out easier than speaking it, and the first sentence is usually shorter than anyone expects.",Audience research,No One to Tell,I can't say this out loud. Not even to myself.,Ready,High,,,,,,,,,,,,,,,,,,,,,,,,,,,,,,,
97,2026-09-11,Too old for this question,"At forty-five a person can be carrying a question that sounds like it belongs to somebody of twenty, and the gap between the two becomes its own reason to ask nobody. The question doesn't get easier with the years. It gets more embarrassing, so it gets asked later, or never.",Audience research,No One to Tell,I'm too old to still be asking something like this.,Ready,High,,,,,,,,,,,,,,,,,,,,,,,,,,,,,,,
98,2026-09-11,Please don't feel sorry for me,"Sympathy arrives fast and lands wrong. Told about a hard week, most listeners reach for comfort, and comfort closes the conversation by treating it as something already finished. What was wanted was one more question.",Audience research,No One to Tell,I want to complain without anyone pitying me.,Ready,High,,,,,,,,,,,,,,,,,,,,,,,,,,,,,,,
99,2026-09-11,A cupboard full of advice,Advice is the cheapest thing to hand over and the easiest thing to hand over instead of listening. Somebody who has been carrying a problem for months has already heard the obvious answer from four directions. A fifth delivery only proves that nobody was listening on the first four.,Audience research,No One to Tell,I need to get this out. I've got enough advice already.,Ready,High,,,,,,,,,,,,,,,,,,,,,,,,,,,,,,,
100,2026-09-11,What telling costs,"Before confiding, people run the maths on afterwards: how this will sit in somebody's memory, how it changes the greeting next time. The calculation is usually correct, which is why so little of it ever gets said.",Audience research,No One to Tell,"If I tell them, will they look at me differently after?",Ready,High,,,,,,,,,,,,,,,,,,,,,,,,,,,,,,,
101,2026-09-11,The business nobody at home wants to hear about,"A founder without a co-founder has nowhere to put the running commentary. Home takes the first year of it and then quietly declines the rest. The decisions keep arriving on schedule, and they start getting made in silence.",Audience research,No One to Tell,There's nobody to talk business with. My family is tired of my topics.,Ready,High,,,,,,,,,,,,,,,,,,,,,,,,,,,,,,,
102,2026-09-11,The morning after being honest,Openness tends to come with a hangover — the sense of having handed something over that can't be collected back. The regret isn't really about what was said. It's about not knowing where it travelled afterwards.,Audience research,No One to Tell,I told a friend and now I wish I hadn't.,Ready,High,,,,,,,,,,,,,,,,,,,,,,,,,,,,,,,
103,2026-09-11,The part left out of therapy,"Even in good therapy a few things stay outside the room. Being known by somebody every Tuesday makes certain admissions expensive, and the expensive ones are usually the ones that matter. They wait years for somewhere cheaper to be said.",Audience research,No One to Tell,My therapist is good. There are still things I won't say to him.,Ready,High,,,,,,,,,,,,,,,,,,,,,,,,,,,,,,,
104,2026-09-11,Wednesday is too far away,"The need to talk keeps no calendar. It arrives on a Sunday night or halfway through a Tuesday, and the appointment is four days out. By the time the slot comes round the urgency has flattened into something that no longer seems worth the hour.",Audience research,No One to Tell,I need to talk now. I won't make it to Wednesday.,Ready,High,,,,,,,,,,,,,,,,,,,,,,,,,,,,,,,
105,2026-09-11,Never learned how to ask,"Asking for support is a skill, and plenty of people were raised without it. They can give it out endlessly and take none back, and the gap never reads to anybody as need, because need that stays unvoiced looks exactly like self-sufficiency.",Audience research,No One to Tell,I don't know how to ask anyone for support.,Ready,High,,,,,,,,,,,,,,,,,,,,,,,,,,,,,,,
106,2026-09-11,In a town where the car gets recognised,"In a small town, walking into a therapist's office is a visible act. The car outside is recognised and the visit becomes information before the first session is over. Privacy stops being a preference there and turns into the deciding factor.",Audience research,No One to Tell,Everyone knows everyone here. I can't be seen going to a therapist.,Ready,High,,,,,,,,,,,,,,,,,,,,,,,,,,,,,,,
107,2026-09-11,Forty minutes off the role,"Running a team comes with a standing requirement to look certain in public, and the requirement doesn't lift at the front door. The uncertainty still exists and has to be held somewhere. Held long enough with nowhere to go, it starts coming out sideways as impatience with the team.",Audience research,No One to Tell,I lead people. I'm not allowed to look shaky.,Ready,High,,,,,,,,,,,,,,,,,,,,,,,,,,,,,,,
108,2026-09-11,Someone who knows none of your people,"Talking to a friend means talking about people the friend also knows, and every sentence gets edited on the way out for that. A listener with no overlap removes the editing entirely. The first reaction to that is usually suspicion, and relief only comes later.",Audience research,No One to Tell,I want to talk to someone who doesn't know anybody in my life.,Ready,High,,,,,,,,,,,,,,,,,,,,,,,,,,,,,,,
109,2026-09-11,Long messages to yourself,"Saved Messages has quietly become the place people put what they can't send. It holds everything and returns nothing, so the same thought gets written there in slightly different words for months. Writing something down is a poor substitute for being asked about it.",Audience research,No One to Tell,I write long messages to myself. Nobody ever answers.,Ready,High,,,,,,,,,,,,,,,,,,,,,,,,,,,,,,,
110,2026-09-11,Asleep when you need them,"After emigrating, the people who understand the context are seven hours out. Their morning is the end of your day, and the conversation that would have helped gets pushed into a window where neither of you is at full strength. Across a year the calls thin out without anybody deciding to stop.",Audience research,No One to Tell,I emigrated. Everyone I'd call is asleep when I need them.,Ready,High,,,,,,,,,,,,,,,,,,,,,,,,,,,,,,,
