post_id,created_at,source_topic,case_used,text_en,text_ru,status,published_at,external_post_id,http_status,verified,error_message,notes
li_687c12401090,2026-09-15T17:26:34.339869+00:00,The difference between information and orientation,ukrainian-sisters,"I remember when I first joined Ukrainian Sisters, and there were 2,000 active people in just one chat. Can you imagine? It felt like being dropped into a bustling city square where everyone was talking at once. We had this sea of information — people sharing resources, asking for help, offering their skills. But here's the thing, honestly, no one knew where to stand. It turns out, the real challenge wasn't the lack of information, because there was plenty of it flying around. The challenge was orientation — understanding how all these pieces fit together, who was responsible for what, and how we could actually move forward.

What we did was, we started asking the right questions: not just what resources do we have, but how do they connect? What is the actual help people are looking for? And then, it became about structuring this chaotic flow into something cohesive. AI tools for resource allocation and blockchain for transparency shifted our approach. Suddenly, it was like the fog lifted, and everyone knew not just what they had but where they were going.

And it got me thinking, in our work, how often do we focus on gathering information and forget to orient ourselves within it? To connect the dots in a way that actually makes sense? Because, actually, sometimes the hardest part isn't finding the answers but figuring out which questions we need to ask first.","Я помню, когда я только присоединилась к Ukrainian Sisters, и в чате было 2,000 активных человек. Можете себе представить? Это было похоже на нахождение в оживленной городской площади, где все говорят одновременно. У нас была лавина информации — люди делились ресурсами, просили помощи, предлагали свои навыки. Но, честно говоря, никто не знал, где именно стоять. Оказалось, настоящая проблема была не в недостатке информации, ведь ее было более чем достаточно. Проблема была в ориентации — понимании того, как все эти части согласуются, кто за что отвечает и как мы действительно можем двигаться вперед.

Что мы сделали, так это начали задавать правильные вопросы: не просто какие у нас есть ресурсы, а как они связаны? Какую помощь люди на самом деле ищут? И потом все стало вопросом структурирования этого хаотичного потока в нечто целостное. Использование инструментов ИИ для распределения ресурсов и блокчейна для обеспечения прозрачности изменили наш подход. Внезапно, как будто туман рассеялся, и все знали не только то, что у них есть, но и куда они идут.

И это заставило меня задуматься: как часто в нашей работе мы сосредотачиваемся на сборе информации, забывая ориентироваться в ней? Соединять точки так, чтобы это на самом деле имело смысл? Потому что, на самом деле, иногда самая сложная часть — не найти ответы, а понять, какие вопросы нужно задать в первую очередь.",draft,,,,,,not published: publishing disabled
li_731daecae0ba,2026-09-17T17:24:20.311207+00:00,The difference between information and orientation,crypto-keps,"I remember a time at Crypto Keps when traders could articulate every detail about their losses. They had all the data, all the charts — they could explain the whys and hows of their financial dips. But still, something was missing because they kept making the same mistakes. It's like, you know everything, and yet nothing changes. What was missing was not the information; it was the orientation. The ability to take that information and place it into a meaningful structure that guides decision-making. It's a kind of north star, a mental map, which is actually essential but not always obvious.

This got me thinking about how often we assume that more information is the solution when, in reality, what we need is the capacity to know where we stand within it all. When I helped those traders, it wasn't just about showing them their numbers; it was about helping them understand their position relative to the goals they wanted to achieve. That's when things started to shift, and their trading efficiency improved dramatically. 

So, how often do you find yourself drowning in information without a clear sense of direction? It’s something I've seen in many industries, not just trading. How do you orient yourself when the data starts to overwhelm?","Я вспоминаю время в Crypto Keps, когда трейдеры могли подробнейшим образом объяснить свои убытки. У них были все данные, все графики — они могли объяснить, почему и как происходили их финансовые падения. Но всё равно чего-то не хватало, потому что они продолжали делать одни и те же ошибки. Это как будто ты всё знаешь, а ничего не меняется. Не хватало не информации, а ориентации. Способности взять эту информацию и встроить её в значимую структуру, которая направляет принятие решений. Это своего рода путеводная звезда, ментальная карта, которая, на самом деле, важна, но не всегда очевидна.

Это навело меня на мысль о том, как часто мы предполагаем, что больше информации — это решение, но на самом деле нам нужна способность понять своё место во всём этом. Когда я помогала тем трейдерам, дело было не только в том, чтобы показать им их цифры, а в том, чтобы помочь им понять свою позицию относительно целей, которых они хотели достичь. Именно тогда всё начало меняться, и их эффективность в торговле значительно улучшилась.

Так как часто вы теряетесь в информации без чёткого чувства направления? Это то, что я видела во многих отраслях, не только в торговле. Как вы ориентируетесь, когда данные начинают вас переполнять?",draft,,,,,,not published: publishing disabled
li_d099867df5fe,2026-09-22T17:29:01.809121+00:00,The difference between information and orientation,vit-turnover,"I remember back when I was working with VIT Team, and we had this ongoing challenge — staff turnover was a real issue, especially for trades workers. We went from 50% turnover all the way down to 15%, and even as low as 5% for office staff, which really made me think about what was at the core of the problem. You would think more information is what’s needed — detailed job descriptions, comprehensive onboarding manuals, that sort of thing. But honestly, it turns out, it's often not about having more information. It's about orientation. 

What I saw was that people rarely lacked data; they lacked the ability to position that data into a meaningful framework. When you’re working with managers to rebuild job descriptions, you realize they often know what skills they need, but they struggle to integrate these needs into a broader, coherent vision that aligns with the company's actual goals. 

And this is something I see everywhere, even outside recruitment. Whether you're deciding on a new strategy, hiring someone, or just trying to run your team efficiently, the challenge is rarely about not having information. It's about how you make sense of it, how you orient yourself within it, and how you align it with real needs and directions. How do you turn data into action that makes a difference?","Я помню, когда работала с командой VIT, и у нас была постоянно возникающая проблема — текучесть кадров была настоящей проблемой, особенно среди рабочих специальностей. Мы снизили текучесть с 50% до 15%, и даже до 5% среди офисного персонала, что действительно заставило меня задуматься о корне проблемы. Можно подумать, что нужно больше информации — подробные описания вакансий, всесторонние инструкции по адаптации и тому подобное. Но, честно говоря, оказывается, дело не в количестве информации. Дело в ориентации.

Я заметила, что людям редко не хватает данных; им не хватает способности расположить эти данные в значимую структуру. Когда вы работаете с менеджерами над пересмотром описаний вакансий, понимаете, что они часто знают, какие навыки им нужны, но им трудно интегрировать эти нужды в более широкую, согласованную концепцию, которая соответствует реальным целям компании.

И это то, что я вижу повсюду, даже за пределами рекрутмента. Независимо от того, принимаете ли вы новое стратегическое решение, нанимаете кого-то или просто пытаетесь эффективно управлять своей командой, проблема редко заключается в недостатке информации. Вопрос в том, как вы её осмыслите, как вы ориентируетесь в ней и как вы приводите её в соответствие с реальными нуждами и направлениями. Как вы превращаете данные в действия, которые действительно имеют значение?",draft,,,,,,not published: publishing disabled
