created_at,source,recommendation,rationale,status
2026-06-08T11:51:22.329164+00:00,threads_weekly_report,Test one Threads opening that names the audience tension around 'emotions'.,This theme appeared most often in recent posts/comments.,recommended_not_applied
2026-06-08T11:51:22.329164+00:00,threads_weekly_report,"Add one prompt instruction to invite grounded audience reflection, not advice-giving.",The strongest comments tend to contain personal tension and may benefit from reflective follow-up prompts.,recommended_not_applied
2026-06-15T13:00:38.012556+00:00,threads_weekly_report,Test one Threads opening that names the audience tension around 'understanding'.,This theme appeared most often in recent posts/comments.,recommended_not_applied
2026-06-15T13:00:38.012556+00:00,threads_weekly_report,"Add one prompt instruction to invite grounded audience reflection, not advice-giving.",The strongest comments tend to contain personal tension and may benefit from reflective follow-up prompts.,recommended_not_applied
2026-06-22T12:45:00.595043+00:00,threads_weekly_report,Test one Threads opening that names the audience tension around 'question'.,This theme appeared most often in recent posts/comments.,recommended_not_applied
2026-07-06T11:24:08.787159+00:00,threads_weekly_report,Test one Threads opening that names the audience tension around 'attention'.,This theme appeared most often in recent posts/comments.,recommended_not_applied
2026-07-13T10:17:48.648977+00:00,threads_weekly_report,Test one Threads opening that names the audience tension around 'silence'.,This theme appeared most often in recent posts/comments.,recommended_not_applied
2026-07-20T09:52:16.794352+00:00,threads_weekly_report,Test one Threads opening that names the audience tension around 'trust'.,This theme appeared most often in recent posts/comments.,recommended_not_applied
2026-07-27T10:35:12.751194+00:00,threads_weekly_report,Test one Threads opening that names the audience tension around 'change'.,This theme appeared most often in recent posts/comments.,recommended_not_applied
