post_id,source_type,source_topic,category,opening_type,generated_text,generated_at,approved_by,published_at,status,external_threads_id,error_message,comments,engagement_metrics,themes
threads_ee713eba25d81bb7,topic,Why clarity reduces anxiety,question,question,"Why do I feel calmer when I can clearly explain what I feel?

Anxiety often feels like a tangled web, a knot of emotions with no clear start or end.

In the middle of this, language becomes a knife, cutting through the chaos.

Naming what we feel can transform a swirling mass into distinct threads.

It's not that the anxiety is gone, but rather, it takes on a form we can begin to understand.

Clear language doesn't solve the problem, but it makes the terrain visible.

And sometimes, seeing...",2026-06-04T05:51:52.575375+00:00,,,draft,,,[],{},[]
