comment_id,post_id,author,comment_text,created_at,collected_at,weight
18204342811353114,18101779022025225,pr_sveta.g,Where do you start when that clarity isn't there? When there's brain fog. And how do you know what it means if you have a headache?,2026-06-08T06:29:52+0000,2026-06-08T10:55:35.405085+00:00,2
17997564221779437,17978974580860828,neuroguidejourney,"What becomes visible in NeuroGuide Journey is that naming internal states reduces cognitive uncertainty load.

→ unstructured emotion increases internal prediction effort
→ labeling reduces ambiguity in emotional processing
→ and clarity improves navigation of internal experience

So it’s not just defining feelings.

It’s reducing system noise through structured internal mapping.",2026-06-08T13:27:12+0000,2026-06-08T15:22:42.324422+00:00,3
